n,author,title,editorial,pages,genre,subgenre,code
1,MIGUEL DE UNAMUNO,ABEL SÁNCHEZ,EDIMART,80,NOVELA,,BL1101
2,HERMANN HESSE,SIDDHARTA,ANDRÉS BELLO,125,NOVELA,,BL1102
3,HÉCTOR MALOT,EN FAMILIA,CENTRO GRÁFICO,100,NOVELA,,BL1103
4,VARIOS AUTORES,LEYENDAS CHILENAS,ANDRÉS BELLO,77,CLÁSICOS Y CUENTOS,,BL1104
5,ALEJANDRO MANZONI,LOS NOVIOS,RAMÓN SOPENA,535,NOVELA,,BL1105
6,MARCELA PAZ,¿SOY DIXLESO? POR PAPELUCHO,UNIVERSITARIA,109,INFANTIL,,BL1106
7,PLATÓN,APOLOGÍA DE SÓCRATES,COLICHEUQUE,80,FILOSOFÍA Y PSICOLOGÍA,,BL1107
8,JORGE LUIS BORGES,HISTORIA UNIVERSAL DE LA INFAMIA,ALIANZA,135,NOVELA,,BL1108
9,VARIOS AUTORES,ANTOLOGÍA DE CUENTOS DE MISTERIO,PROSA,127,CLÁSICOS Y CUENTOS,,BL1109
10,LINDA SILVERMAN GOLDZIMER,"""¡PRIMERO ESTOY YO!""",NORMA,253,ECONOMÍA Y ADMINISTRACIÓN,,BL1110
11,MOLIÈRE,TARTUFO O EL IMPOSTOR,UNIVERSITARIA,84,TEATRO,,BL1111
12,ALBERTO BLEST GANA,MARTÍN RIVAS,ZIG-ZAG,405,NOVELA,,BL1112
13,GABRIEL GARCÍA MÁRQUEZ,EL AMOR EN LOS TIEMPOS DEL CÓLERA,SUDAMERICANA,451,NOVELA,,BL1113
14,GUY DES CARS,EL SOLITARIO,EMECÉ,219,NOVELA,,BL1114
15,VARIOS AUTORES,CIENCIAS PLAN COMÚN QUÍMICA 2008,CEPECH,220,EDUCACIÓN,,BL1115
16,VARIOS AUTORES,ANIMALES DEL MUNDO,LIBSA,31,INFANTIL,,BL1116
17,ISABEL ALLENDE,LA CIUDAD DE LAS BESTIAS,SUDAMERICANA,304,NOVELA,,BL1117
18,ENRIQUE BARRIOS,AMI EL NIÑO DE LAS ESTRELLAS,SIRIO,199,INFANTIL,,BL1118
19,ANTOINE DE SAINT-EXUPÉRY,EL PRINCIPITO,ZIG-ZAG,106,CLÁSICOS Y CUENTOS,,BL1119
20,RABINDRANATH TAGORE,EL JARDINERO,PROSA,93,POESÍA,,BL1120
21,JACK LONDON,EL LLAMADO DE LA SELVA,ZIG-ZAG,123,CLÁSICOS Y CUENTOS,,BL1121
22,LOPE DE VEGA,FUENTEOVEJUNA,PROSA,94,TEATRO,,BL1122
23,MARÍA LUISA BOMBAL,LA ÚLTIMA NIEBLA,ANDRÉS BELLO,141,NOVELA,,BL1123
24,ENRIQUE IBSEN,CASA DE MUÑECAS,COLICHEUQUE,80,TEATRO,,BL1124
25,MADELEINE L'ENGLE,CAMILA,ALFAGUARA,197,NOVELA,,BL1125
26,LINN ULLMANN,ANTES DE QUE TE DUERMAS,RANDOM HOUSE MONDADORI,285,NOVELA,,BL1126
27,SAÚL SCHKOLNIK,CUENTOS DE LOS DERECHOS DEL NIÑO,ZIG-ZAG,117,INFANTIL,,BL1127
28,CLAUDIO JAQUE,EL RUIDO DEL TIEMPO,GALINOST,366,NOVELA,PRESTADO GABRIEL HIZAUT,BL1128
29,PETER HÄRTLING,BEN QUIERE A ANNA,ALFAGUARA,98,INFANTIL,,BL1129
30,THÉOPHILE GAUTIER,LA NOVELA DE UNA MOMIA,ANDRÉS BELLO,138,NOVELA,,BL1130
31,VARIOS AUTORES,GUÍA DE APOYO PSICOLÓGICO PARA UNIVERSITARIOS,USACH,163,EDUCACIÓN,,BL1131
32,JULIO VERNE,VEINTE MIL LEGUAS DE VIAJE SUBMARINO,ANDRÉS BELLO,159,CLÁSICOS Y CUENTOS,,BL1132
33,EMILY BRONTË,CUMBRES BORRASCOSAS,BIBLIOTECA DE LA LITERATURA UNIVERSAL,269,NOVELA,,BL1133
34,ISABEL ALLENDE,CUENTOS DE EVA LUNA,SUDAMERICANA,278,NOVELA,,BL1134
35,VARIOS AUTORES,JULIO CORTÁZAR: COMPROMISO Y FANTASÍA,AGUILAR,144,BIOGRAFÍA,,BL1135
36,ANA FRANK,EL DIARIO DE ANA FRANK,ZIG-ZAG,239,CLÁSICOS Y CUENTOS,,BL1136
37,JAVIER SIERRA,EL SECRETO EGIPCIO DE NAPOLEÓN,RANDOM HOUSE MONDADORI,302,NOVELA,,BL1137
38,MIGUEL DE UNAMUNO,NIEBLA,COLICHEUQUE,80,NOVELA,,BL1138
39,CAMILO JOSÉ CELA,LA COLMENA,ESPASA,263,NOVELA,,BL1139
40,ELENA G. DE WHITE,LA GRAN ESPERANZA,ACES,96,AUTOAYUDA,,BL1140
41,HERNÁN RIVERA LETELIER,LOS TRENES SE VAN AL PURGATORIO,PLANETA,191,NOVELA,,BL1141
42,JOSÉ LUIS ROSASCO,HISTORIAS DE AMOR Y ADOLESCENCIA,ANDRÉS BELLO,159,JUVENIL,,BL1142
43,ROBIN COOK,RIESGO ACEPTABLE,EMECÉ,400,NOVELA,THRILLER,BL1143
44,ANA MARÍA DEL RÍO,"LITA, LA NIÑA DEL FIN DEL MUNDO",ALFAGUARA,111,JUVENIL,,BL1144
45,MARCELA SERRANO,PARA QUE NO ME OLVIDES,ALFAGUARA,252,NOVELA,,BL1145
46,LAUREN KATE,OSCUROS,MONTENA,413,JUVENIL,,BL1146
47,JOSEMARÍA CARRERAS GUIXÉ,"BERGIL, EL CABALLERO PERDIDO DE BERLINDON",BAMBÚ,138,NOVELA,,BL1147
48,RÓMULO GALLEGOS,DOÑA BÁRBARA,BIBLIOTECA DE ORO DEL ESTUDIANTE,221,CLÁSICOS Y CUENTOS,,BL1148
49,ANÓNIMO,EL LAZARILLO DE TORMES,BIBLIOTECA DE ORO DEL ESTUDIANTE,144,CLÁSICOS Y CUENTOS,,BL1149
50,SAÚL SCHKOLNIK,ANTAI,ANDRÉS BELLO,94,INFANTIL,,BL1150
51,MARCO ANTONIO DE LA PARRA,EL AÑO DE LA BALLENA,ALFAGUARA,128,JUVENIL,,BL1151
52,MANUEL ROJAS,HIJO DE LADRÓN,ZIG-ZAG,255,NOVELA,,BL1152
53,JOSH MCDOWELL,MÁS QUE UN CARPINTERO,UNILIT,128,RELIGIÓN,,BL1153
54,MIGUEL DE UNAMUNO,NIEBLA,OLIMPO,152,NOVELA,,BL1154
55,TRUMAN CAPOTE,DESAYUNO EN TIFFANY'S,PORTADA,159,NOVELA,ADULTO,BL1155
56,RHONDA BYRNE,EL SECRETO,URANO,206,AUTOAYUDA,,BL1156
57,DENZIL ROMERO,"AMORES, PASIONES Y VICIOS DE LA GRAN CATALINA",EMECÉ,304,NOVELA,,BL1157
58,JACK LONDON,COLMILLO BLANCO,CENTRO GRÁFICO,117,CLÁSICOS Y CUENTOS,,BL1158
59,EMILIO SALGARI,EL CORSARIO NEGRO,ZIG-ZAG,125,CLÁSICOS Y CUENTOS,,BL1159
60,RENÉ DESCARTES,"DISCURSO DEL MÉTODO, MEDITACIONES METAFÍSICAS",GRAFIDCO,159,FILOSOFÍA Y PSICOLOGÍA,,BL1160
61,MARIO BENEDETTI,LA TREGUA,SUDAMERICANA,163,NOVELA,,BL1161
62,ENRIQUE LAFOURCADE,BUDDHA Y LOS CHOCOLATES ENVENENADOS,EDICIONES UNIVERSITARIAS DE VALPARAÍSO,171,NOVELA,,BL1162
63,MARCELA PAZ,PAPELUCHO Y EL MARCIANO,UNIVERSITARIA,125,INFANTIL,,BL1163
64,HOMERO,LA ODISEA,ZIG-ZAG,185,CLÁSICOS Y CUENTOS,,BL1164
65,LEANDRO FERNÁNDEZ DE MORATÍN,EL SÍ DE LAS NIÑAS,EDITORA JURÍDICA MANUEL MONTT S.A.,95,TEATRO,,BL1165
66,GASTÓN SOUBLETTE,PABLO NERUDA PROFETA DE AMÉRICA,EDICIONES NUEVA UNIVERSIDAD,130,ENSAYOS,,BL1166
67,OSCAR WILDE,EL FANTASMA DE CANTERVILLE,ZIG-ZAG,102,CLÁSICOS Y CUENTOS,,BL1167
68,FLORIDOR PÉREZ,MITOS Y LEYENDAS DE CHILE,ZIG-ZAG,94,CLÁSICOS Y CUENTOS,,BL1168
69,VARIOS AUTORES,CIVILIZACIONES PERDIDAS: LOS MAYAS I,EDICIONES FOLIO,80,FOTOGRAFÍA E ILUSTRADOS,,BL1169
70,SERGIO BAMBARÉN,EL DELFÍN HISTORIA DE UN SOÑADOR,EDICIONES B,90,AUTOAYUDA,,BL1170
71,ERICH FROMM,¿TENER O SER?,FONDO DE CULTURA ECONÓMICA,200,FILOSOFÍA Y PSICOLOGÍA,,BL1171
72,JOSÉ ORTEGA Y GASSET,LA REBELIÓN DE LAS MASAS,ANDRÉS BELLO,314,FILOSOFÍA Y PSICOLOGÍA,,BL1172
73,GRAHAM GREENE,EL MINISTERIO DEL MIEDO,ANDRÉS BELLO,272,CLÁSICOS Y CUENTOS,,BL1173
74,DAVID LISS,EL MERCADER DE CAFÉ,RANDOM HOUSE MONDADORI,376,NOVELA,,BL1174
75,WILLA CATHER,LA MUERTE VIENE HACIA EL ARZOBISPO,ANDRÉS BELLO,259,CLÁSICOS Y CUENTOS,,BL1175
76,AXEL MUNTHE,LA HISTORIA DE SAN MICHELE,ANDRÉS BELLO,445,CLÁSICOS Y CUENTOS,,BL1176
77,HAROLD ROBBINS,EL PIRATA,PLAZA & JANÉS,368,NOVELA,,BL1177
78,HERBERT GEORGE WELLS,LA GUERRA DE LOS MUNDOS,ANDRÉS BELLO,196,CLÁSICOS Y CUENTOS,,BL1178
79,ENRIQUE SIENKIEWICZ,QUO VADIS? TOMO II,ANDRÉS BELLO,316,CLÁSICOS Y CUENTOS,,BL1179
80,ARTHUR CONAN DOYLE,EL SABUESO DE LOS BASKERVILLE,ANDRÉS BELLO,202,CLÁSICOS Y CUENTOS,,BL1180
81,FEDOR DOSTOIEVSKI,LOS HERMANOS KARAMAZOV TOMO I,ANDRÉS BELLO,539,CLÁSICOS Y CUENTOS,,BL1181
82,HONORÉ DE BALZAC,PAPÁ GORIOT,ANDRÉS BELLO,274,CLÁSICOS Y CUENTOS,,BL1182
83,VICENTE PÉREZ ROSALES,PÁGINAS ESCOGIDAS,UNIVERSITARIA,279,HISTORIA,,BL1183
84,HAROLD LAMB,CARLOMAGNO,ALFAGUARA,335,NOVELA,HISTÓRICA,BL1184
85,NICHOLAS EVANS,A TRAVÉS DEL FUEGO,PLAZA & JANÉS,441,NOVELA,PRESTADO GABRIEL HIZAUT,BL1185
86,WILLIAM GOLDING,LA PIRÁMIDE,ANDRÉS BELLO,228,NOVELA,,BL1186
87,VÍCTOR DOMINGO SILVA,GOLONDRINA DE INVIERNO,ANDRÉS BELLO,230,NOVELA,,BL1187
88,JEAN URE,ME DICEN SARA TOMATE,NORMA,159,NOVELA,,BL1188
89,LOPE DE VEGA,FUENTEOVEJUNA,RAMÓN SOPENA,154,TEATRO,,BL1189
90,MARY SHELLEY,FRANKENSTEIN,ANDRÉS BELLO,236,CLÁSICOS Y CUENTOS,,BL1190
91,BENITO PÉREZ GALDÓS,TRAFALGAR,ARLANZA EDITORES,189,NOVELA,HISTÓRICA,BL1191
92,LOUISA M. ALCOTT,AQUELLAS MUJERCITAS,COLICHEUQUE,80,NOVELA,,BL1192
93,AUGUSTO D'HALMAR,JUANA LUCERO,OLIMPO,196,NOVELA,,BL1193
94,PEDRO CALDERÓN DE LA BARCA,LA VIDA ES SUEÑO,COLICHEUQUE,80,TEATRO,,BL1194
95,FLORIDOR PÉREZ,ANTOLOGÍA DE GIBRÁN JALIL GIBRÁN,UNIVERSITARIA,80,POESÍA,,BL1195
96,IVÁN BRAVO VALENZUELA,PEREGRINO POR LA VIDA,GRAPHOS COMUNICACIONES,352,AUTOBIOGRAFÍA,,BL1196
97,MARIO VARGAS LLOSA,LOS CACHORROS/LOS JEFES,BIBLIOTECA DE LA LITERATURA UNIVERSAL,126,CLÁSICOS Y CUENTOS,,BL1197
98,PEDRO CALDERÓN DE LA BARCA,LA VIDA ES SUEÑO,ZIG-ZAG,159,TEATRO,,BL1198
99,VARIOS AUTORES,FÍSICA 2º EDUCACIÓN MEDIA,SANTILLANA,208,EDUCACIÓN,,BL1199
100,VARIOS AUTORES,LABERINTO DE MIRADAS ESPAÑA/LATINOAMÉRICA,CASA AMÉRICA CATALUNYA,413,FOTOGRAFÍA E ILUSTRADOS,,BL1200
101,JUAN RULFO,EL LLANO EN LLAMAS,SEIX BARRAL,119,NOVELA,,BL1201
102,JOSÉ MAURO DE VASCONCELOS,MI PLANTA DE NARANJA-LIMA,EL ATENEO,182,JUVENIL,,BL1202
103,HERNÁN RIVERA LETELIER,HIMNO DEL ÁNGEL PARADO EN UNA PATA,PLANETA,209,NOVELA,,BL1203
104,MANUEL PEREIRA L./FIDEL SEPÚLVEDA LL.,CUENTOS CHILENOS PARA NIÑOS,ANDRÉS BELLO,125,INFANTIL,,BL1204
105,MABEL O'DONNELL,THE NEW DAY IN AND DAY OUT,THE ALICE AND JERRY BOOKS,160,INFANTIL,,BL1205
106,ANGELA SOMMER-BODENBURG,EL PEQUEÑO VAMPIRO,ALFAGUARA,192,INFANTIL,,BL1206
107,ALICIA MOREL,EL INCREÍBLE MUNDO DE LLANCA,ANDRÉS BELLO,95,INFANTIL,,BL1207
108,JORGE MANRIQUE/GARCILASO DE LA VEGA,POESÍA SELECTA,ERCILLA,223,POESÍA,,BL1208
109,MANUEL PEÑA,EL COLLAR DE PERLAS NEGRAS,UNIVERSITARIA,76,INFANTIL,,BL1209
110,LUIS MARÍA PESCETTI,FRIN,ALFAGUARA,203,INFANTIL,,BL1210
111,ANTÓN SEMIÓNOVICH MAKARENKO,POEMA PEDAGÓGICO,PLANETA,573,NOVELA,,BL1211
112,ANÓNIMO,POEMA DEL MÍO CID,RENACIMIENTO,165,CLÁSICOS Y CUENTOS,,BL1212
113,ALICIA MOREL,LA HORMIGUITA CANTORA Y EL DUENDE MELODÍA,ZIG-ZAG,123,INFANTIL,,BL1213
114,ROBERT LOUIS STEVENSON,LA ISLA DEL TESORO,COLICHEUQUE,80,CLÁSICOS Y CUENTOS,,BL1214
115,RICHARD BACH,"JUAN SALVADOR GAVIOTA, UN RELATO",JAVIER VERGARA EDITOR,92,CLÁSICOS Y CUENTOS,,BL1215
116,THEA BECKMAN,CRUZADA EN 'JEANS',EDICIONES SM,239,NOVELA,,BL1216
117,JAAP TER HAAR,EL MUNDO DE BEN LIGHTHART,EDICIONES SM,147,NOVELA,,BL1217
118,MARÍA LUISA BOMBAL,LA AMORTAJADA,UNIVERSITARIA,77,NOVELA,,BL1218
119,PETER HÄRTLING,BEN QUIERE A ANNA,ALFAGUARA,98,INFANTIL,,BL1219
120,EMILY BRONTË,CUMBRES BORRASCOSAS,ALFAGUARA,400,NOVELA,,BL1220
121,JOHN RONALD REUEL TOLKIEN,EL HOBBIT,MINOTAURO,310,CLÁSICOS Y CUENTOS,PRESTADO GABRIEL HIZAUT,BL1221
122,JOHN E. HOPCROFT/JEFFREY D. ULLMAN,"INTRODUCCIÓN A LA TEORÍA DE AUTOMATAS, LENGUAJES Y COMPUTACIÓN",CECSA,447,EDUCACIÓN,,BL1222
123,GABRIEL GARCÍA MÁRQUEZ,CIEN AÑOS DE SOLEDAD,ESPASA CALPE,394,NOVELA,,BL1223
124,JUAN RULFO,PEDRO PÁRAMO Y EL LLANO EN LLAMAS,PLANETA,249,NOVELA,,BL1224
125,ISABEL ALLENDE,MI PAÍS INVENTADO,SUDAMERICANA,220,NOVELA,,BL1225
126,GENARO PRIETO,EL SOCIO,TACORA,128,JUVENIL,,BL1226
127,PILAR SORDO,LECCIONES DE SEDUCCIÓN,NORMA,190,AUTOAYUDA,,BL1227
128,BALDOMERO LILLO,SUBSOLE,ERCILLA,126,CLÁSICOS Y CUENTOS,,BL1228
129,JOSÉ LUIS ARGUMEDO,LA VERDAD OS HARÁ LIBRES,JAC DAVIS,114,RELIGIÓN,,BL1229
130,ALEJANDRO BULLÓN,SEÑALES DE ESPERANZA,ASOCIACIÓN CASA EDITORA SUDAMERICANA,140,RELIGIÓN,,BL1230
131,CORÍN TELLADO,TÚ NO ERES MI MARIDO,EDICIONES B,159,JUVENIL,,BL1231
132,FEDOR DOSTOIEVSKI,POBRES GENTES,COLICHEUQUE,70,NOVELA,,BL1232
133,FRANCISCO OLEA LAGOS,LA BATALLA DE LA REINA: UN REPORTE DESDE EL FRENTE VECINAL,SIN EDITORIAL,122,ENSAYOS,,BL1233
134,JOANNE ROWLING,HARRY POTTER Y LA ORDEN DEL FENIX,BLOOMSBURY,684,NOVELA,,BL1234
135,JOHANNES V. JENSEN,EL RAMO DE MIRTO/WOMBWELL,ANDRÉS BELLO,113,CLÁSICOS Y CUENTOS,,BL1235
136,EMILIO SALGARI,EL CORSARIO NEGRO,COLICHEUQUE,79,CLÁSICOS Y CUENTOS,,BL1236
137,POLI DÉLANO,HUMO DE TRENES,ANDRÉS BELLO,94,INFANTIL,,BL1237
138,PAULO COELHO,EL PEREGRINO (DIARIO DE UN MAGO),GRIJALBO,222,NOVELA,,BL1238
139,VIKTOR FRANKL,EL HOMBRE EN BUSCA DEL SENTIDO,TAIMÍ EDICIONES,184,ENSAYOS,,BL1239
140,ANA MARÍA GÜIRALDES,CUENTOS DE SOLEDAD Y ASOMBRO,ANDRÉS BELLO,112,NOVELA,,BL1240
141,DARÍO OSES,LA MÚSICA DE LAS ESPERAS,PLANETA,210,NOVELA,,BL1241
142,VARIOS AUTORES,DICCIONARIO MAPUCHE,MUSIGRAF,189,DICCIONARIOS,,BL1242
143,RICARDO AMSTEIN VARELA,EL REY DE LOS NÚMEROS,PLATERO,30,INFANTIL,,BL1243
144,ALBERTO BLEST GANA,MARTÍN RIVAS,CENTRO GRÁFICO,138,NOVELA,,BL1244
145,ALEJANDRO BULLÓN,SEÑALES DE ESPERANZA,ASOCIACIÓN CASA EDITORA SUDAMERICANA,140,RELIGIÓN,,BL1245
146,JOANNE ROWLING,HARRY POTTER Y LA ORDEN DEL FENIX,BLOOMSBURY,777,NOVELA,,BL1246
147,AMANDA CÉSPEDES,"NIÑOS CON PATALETA, ADOLESCENTES DESAFIANTES. CÓMO MANEJAR LOS TRASTORNOS DE CONDUCTA EN LOS HIJOS",VERGARA,152,AUTOAYUDA,,BL1247
148,JACQUELINE BALCELLS/ANA MARÍA GÜIRALDES,"CHIMALPOPOCA, NIÑO AZTECA",ZIG-ZAG,93,INFANTIL,,BL1248
149,FRANZ KAFKA,CARTA A MI PADRE Y OTROS ESCRITOS,CENTRO GRÁFICO,350,MISCELÁNEAS LITERARIAS,,BL1249
150,JOSÉ LUIS ROSASCO,"DÓNDE ESTÁS, CONSTANZA...",ANDRÉS BELLO,125,JUVENIL,,BL1250
151,JOSÉ ZORRILLA,DON JUAN TENORIO,ZIG-ZAG,226,TEATRO,,BL1251
152,DON JUAN MANUEL,EL CONDE LUCANOR,ERCILLA,254,CLÁSICOS Y CUENTOS,,BL1252
153,PEDRO CALDERÓN DE LA BARCA,LA VIDA ES SUEÑO,ERCILLA,237,TEATRO,,BL1253
154,JOHN BOYNE,EL NIÑO CON EL PIJAMA DE RAYAS,SALAMANDRA,217,NOVELA,,BL1254
155,VIKTOR FRANKL,EL HOMBRE EN BUSCA DEL SENTIDO,HERDER,132,ENSAYOS,,BL1255
156,OSCAR WILDE,EL RUISEÑOR Y LA ROSA Y OTROS CUENTOS,ZIG-ZAG,92,CLÁSICOS Y CUENTOS,,BL1256
157,ANTOINE DE SAINT-EXUPÉRY,VUELO NOCTURNO,COLICHEUQUE,80,CLÁSICOS Y CUENTOS,,BL1257
158,JOSÉ LUIS OLAIZOLA,BIBIANA Y SU MUNDO,EDICIONES SM,126,JUVENIL,,BL1258
159,GABRIELA MISTRAL,TERNURA,UNIVERSITARIA,95,POESÍA,,BL1259
160,ALICIA MOREL,LA HORMIGUITA CANTORA Y EL DUENDE MELODÍA,ZIG-ZAG,127,INFANTIL,,BL1260
161,EDUARDO BARRIOS,EL NIÑO QUE ENLOQUECIÓ DE AMOR,EDICIONES DEL SUR,95,JUVENIL,,BL1261
162,JACQUELINE BALCELLS/ANA MARÍA GÜIRALDES,EMILIA Y LA DAMA NEGRA,ANDRÉS BELLO,140,JUVENIL,,BL1262
163,ROBERT LAWRENCE STINE,LA HABITACIÓN SECRETA,EDICIONES B,159,NOVELA,TERROR,BL1263
164,FELIPE ALLIENDE,MI AMIGO EL NEGRO,UNIVERSITARIA,96,INFANTIL,,BL1264
165,SAÚL SCHKOLNIK,CUENTOS PARA SONREÍR,ZIG-ZAG,93,INFANTIL,,BL1265
166,AUGUSTO D'HALMAR,JUANA LUCERO,CENTRO GRÁFICO,191,NOVELA,,BL1266
167,LUIS SEPÚLVEDA,UN VIEJO QUE LEÍA NOVELAS DE AMOR,TUSQUETS EDITORES,137,NOVELA,,BL1267
168,FRANCISCO VIDAL/MARINA CARRASCO/PAULA SANTANA,DISCRIMINACIÓN POR VIH/SIDA EN CHILE. CAMBIOS Y CONTINUIDADES: 2002-2005,FLACSO: CHILE,156,SOCIEDAD,,BL1268
169,MARK TWAIN,LAS AVENTURAS DE TOM SAWYER,ZIG-ZAG,139,CLÁSICOS Y CUENTOS,,BL1269
170,OSCAR CASTRO,LA VIDA SIMPLEMENTE,SIN EDITORIAL,162,JUVENIL,,BL1270
171,JOAN BRADY,DIOS VUELVE EN UNA HARLEY,EDICIONES B,167,NOVELA,,BL1271
172,VARIOS AUTORES,CONSTITUCIÓN POLÍTICA DE LA REPÚBLICA DE CHILE,LEXNOVA,96,POLÍTICA,,BL1272
173,JOSÉ SARAMAGO,EL EVANGELIO SEGÚN JESUCRISTO,ALFAGUARA,396,NOVELA,,BL1273
174,VARIOS AUTORES,EL PRÍNCIPE FELIZ/EL GATO CON BOTAS/ALICIA EN EL PAÍS DE LAS MARAVILLAS,MUNDILIBROS,24,INFANTIL,,BL1274
175,ADRIAN ROGERS,LA PASIÓN DE CRISTO Y EL PROPÓSITO DE NUESTRA VIDA,VIDA,156,RELIGIÓN,,BL1275
176,DAVID MORRELL,RAMBO II,EMECÉ,300,NOVELA,,BL1276
177,WILLIAM SHAKESPEARE,ROMEO Y JULIETA,EDISUR,103,TEATRO,,BL1277
178,EDUARDO VALENZUELA OLIVOS,VERANEANDO EN ZAPALLAR,CENTRO GRÁFICO,125,TEATRO,,BL1278
179,ELSA BORNEMANN,NO SOMOS IRROMPIBLES,ALFAGUARA,143,JUVENIL,,BL1279
180,GABRIEL GARCÍA MÁRQUEZ,CIEN AÑOS DE SOLEDAD,SUDAMERICANA,352,NOVELA,,BL1280
181,HOMERO,LA ODISEA,ZIG-ZAG,185,CLÁSICOS Y CUENTOS,,BL1281
182,GABRIEL GARCÍA MÁRQUEZ,CRÓNICA DE UNA MUERTE ANUNCIADA,RANDOM HOUSE MONDADORI,137,NOVELA,,BL1282
183,GEORGE ORWELL,LA GRANJA DE LOS ANIMALES,COLICHEUQUE,79,NOVELA,,BL1283
184,DIMITER INKIOW,MI HERMANA CLARA Y LOS FANTASMAS,EVEREST,88,INFANTIL,,BL1284
185,ALFREDO BRYCE ECHENIQUE,LA AMIGDALITIS DE TARZÁN,ESPASA,206,NOVELA,,BL1285
186,FEDERICO GARCÍA LORCA,BODAS DE SANGRE/LA CASA DE BERNARDA ALBA,ESPASA,106,TEATRO,,BL1286
187,JUAN ANTONIO ARMENGOL,TELEPATÍA,ARRAYÁN EDITORES,187,ENSAYOS,,BL1287
188,VARIOS AUTORES,APRENDIENDO A VIVIR JUNTOS,COMISIÓN NACIONAL CHILENA DE COOPERACIÓN CON UNESCO,257,EDUCACIÓN,,BL1288
189,CARLOS CUAUHTÉMOC SÁNCHEZ,JUVENTUD EN ÉXTASIS,EDICIONES SELECTAS DIAMANTES,187,AUTOAYUDA,,BL1289
190,VARIOS AUTORES,LENGUAS MODERNAS,"UNIVERSIDAD DE CHILE; FACULTAD DE FILOSOFÍA, HUMANIDADES Y EDUCACIÓN; DEPARTAMENTO DE LINGÜISTICA",219,EDUCACIÓN,,BL1290
191,MICHAEL BERGDAHL,COMPETIR Y PROSPERAR AL ESTILO WAL-MART,DEUSTO,287,ECONOMÍA Y ADMINISTRACIÓN,,BL1291
192,ROBERT SLATER,EL RELANZAMIENTO DE MICROSOFT,DEUSTO,240,ECONOMÍA Y ADMINISTRACIÓN,,BL1292
193,THOMAS MANN,LA MUERTE EN VENECIA/LAS TABLAS DE LA LEY,ANDRÉS BELLO,212,NOVELA,,BL1293
194,WALTER SCOTT,IVANHOE,PROSA,128,CLÁSICOS Y CUENTOS,,BL1294
195,BALDOMERO LILLO,SUBTERRA,ANDRÉS BELLO,191,CLÁSICOS Y CUENTOS,PRESTADO GABRIEL HIZAUT,BL1295
196,HÉCTOR HIDALGO,LOS GUANTES DEL REY JOAQUÍN,ANDRÉS BELLO,112,INFANTIL,,BL1296
197,JEROME DAVID SALINGER,EL GUARDIÁN ENTRE EL CENTENO,ALIANZA,228,NOVELA,,BL1297
198,GONZALO CONTRERAS,EL NADADOR,ALFAGUARA,314,NOVELA,,BL1298
199,JOSÉ DONOSO,CORONACIÓN,SEIX BARRAL,219,NOVELA,,BL1299
200,MARTA BLANCO,MARADENTRO,ALFAGUARA,121,MISCELÁNEAS LITERARIAS,,BL1300
201,JOSÉ LUIS OLAIZOLA,CUCHO,EDICIONES SM,96,INFANTIL,,BL1301
202,VERÓNICA DE LA PAZ/MARGARITA MIRANDA/LUCÍA ROJAS,¡ALUMNO SORDO INTEGRADO! GUÍA PARA PROFESORES DE EDUCACIÓN GENERAL,UNIVERSITARIA,74,EDUCACIÓN,,BL1302
203,MARÍA OLIVIA MÖNCKEBERG,EL SAQUEO DE LOS GRUPOS ECONÓMICOS AL ESTADO CHILENO,EDICIONES B,269,PERIODISMO,,BL1303
204,MIGUEL DE CERVANTES,TEXTOS ESCOGIDOS,BIBLIOTECA DE ORO DEL ESTUDIANTE,142,CLÁSICOS Y CUENTOS,,BL1304
205,"FELIPE BERRIOS, S.J.",PARA AMAR Y SERVIR (CIEN REFLEXIONES),SANTILLANA,145,ENSAYOS,,BL1305
206,ROBERT LAWRENCE STINE,ESCALOFRÍOS: EL CAMPO DE LAS PESADILLAS,NORMA,142,NOVELA,TERROR,BL1306
207,VARIOS AUTORES,CUENTOS LATINOAMERICANOS: ANTOLOGÍA,ALFAGUARA,134,CLÁSICOS Y CUENTOS,,BL1307
208,JOSÉ MARÍA SÁNCHEZ SILVA,MARCELINO PAN Y VINO,COLICHEUQUE,77,NOVELA,,BL1308
209,WILKIE COLLINS,LA DAMA DE BLANCO,ANDRÉS BELLO,260,NOVELA,,BL1309
210,ISABEL ALLENDE,CUENTOS DE EVA LUNA,COPESA EDITORIAL,249,NOVELA,,BL1310
211,FRANCK BAUM,EL MAGO DE OZ,ZIG-ZAG,94,CLÁSICOS Y CUENTOS,,BL1311
212,AGATHA CHRISTIE,PASAJERO PARA FRANCKFURT,PLANETA,232,NOVELA,POLICIAL,BL1312
213,JUAN RULFO,PEDRO PÁRAMO,FONDO DE CULTURA ECONÓMICA,129,NOVELA,,BL1313
214,OSCAR CASTRO,COMARCA DE JAZMÍN,ANDRÉS BELLO,153,JUVENIL,,BL1314
215,GABRIEL GARCÍA MÁRQUEZ,CIEN AÑOS DE SOLEDAD,RANDOM HOUSE MONDADORI,495,NOVELA,,BL1315
216,EGON WOLFF,LOS INVASORES/JOSÉ,PEHUÉN,160,TEATRO,,BL1316
217,ERWIN MOSER,EL LEÓN DESTRONADO Y OTRAS NUEVE HISTORIAS,GAVIOTA JUNIOR,130,INFANTIL,,BL1317
218,BENITO PÉREZ GALDÓS,MARIANELA,ANDRÉS BELLO,163,NOVELA,,BL1318
219,HUGO SILVA,PACHA PULAI,ZIG-ZAG,219,NOVELA,,BL1319
220,VARIOS AUTORES,CUENTOS LATINOAMERICANOS: ANTOLOGÍA,ALFAGUARA,134,CLÁSICOS Y CUENTOS,,BL1320
221,MARK TWAIN,EL PRÍNCIPE Y EL MENDIGO,ZIG-ZAG,123,CLÁSICOS Y CUENTOS,,BL1321
222,MADELEINE L'ENGLE,CAMILA,ALFAGUARA,197,NOVELA,,BL1322
223,RAY BRADBURY,CRÓNICAS MARCIANAS,ATAHUALPA EDICIONES,231,NOVELA,,BL1323
224,ALBERTO FUGUET,SOBREDOSIS,AGUILAR,122,NOVELA,,BL1324
225,VARIOS AUTORES,"GRAN ATLAS DE CHILE: GEOGRÁFICO, HISTÓRICO Y CULTURAL",UNLIMITED,94,EDUCACIÓN,,BL1325
226,ROBERTO AMPUERO,HALCONES DE LA NOCHE,PLANETA,301,NOVELA,,BL1326
227,BORIS QUERCIA,"SANTIAGO QUIÑONES, TIRA",RANDOM HOUSE MONDADORI,151,NOVELA,,BL1327
228,VARIOS AUTORES,"GRAN DICCIONARIO: SINÓNIMOS, ANTÓNIMOS, PARÓNIMOS Y ETIMOLOGÍA",EDITORIAL CORDILLERA,599,DICCIONARIOS,,BL1328
229,JACQUELINE BALCELLS/ANA MARÍA GÜIRALDES,EMILIA: INTRIGA EN QUINTAY,ANDRÉS BELLO,94,JUVENIL,,BL1329
230,NIKOLAUS PIPER,FÉLIX EN LA BOLSA,EDICIONES SM,252,NOVELA,,BL1330
231,ALBERT CAMUS,EL EXTRANJERO,PLANETA,112,NOVELA,,BL1331
232,HOMERO,LA ODISEA,ERCILLA,253,CLÁSICOS Y CUENTOS,,BL1332
233,VÍCTOR CARVAJAL,"MAMIRE, EL ÚLTIMO NIÑO",ALFAGUARA,110,INFANTIL,,BL1333
234,VICTOR ANDRÉ,APRENDA A CONOCER LOS VINOS,SWING,252,GASTRONOMÍA,,BL1334
235,ANTONIO SKÁRMETA,ARDIENTE PACIENCIA,SUDAMERICANA,140,NOVELA,,BL1335
236,JUAN GARCÍA HORTELANO,APÓLOGOS Y MILESIOS,EDICIONES B,171,CLÁSICOS Y CUENTOS,,BL1336
237,ANALÍA L'ABBATE/KARINA QIAN GAO,LA ESTRATEGIA DEL DRAGÓN,V&R EDITORAS,93,MISCELÁNEAS LITERARIAS,,BL1337
238,ROBERT LOUIS STEVENSON,LA ISLA DEL TESORO,RAMÓN SOPENA,240,CLÁSICOS Y CUENTOS,,BL1338
239,SÓFOCLES,EDIPO REY,PROSA,94,TEATRO,,BL1339
240,EDGARD ALLAN POE,NARRACIONES EXTRAORDINARIAS,CENTRO GRÁFICO,203,CLÁSICOS Y CUENTOS,PRESTADO GABRIEL HIZAUT,BL1340
241,VARIOS AUTORES,16 CUENTOS LATINOAMERICANOS,COEDICIÓN LATINOAMERICANA,221,CLÁSICOS Y CUENTOS,,BL1341
242,PLATÓN,APOLOGÍA DE SÓCRATES,COLICHEUQUE,80,FILOSOFÍA Y PSICOLOGÍA,,BL1342
243,VARIOS AUTORES,CUENTOS DEL ANTIGUO EGIPTO,EDAF,365,CLÁSICOS Y CUENTOS,,BL1343
244,NATHANIEL HAWTHORNE,LA LETRA ESCARLATA,ANDRÉS BELLO,265,NOVELA,,BL1344
245,JOSÉ SARAMAGO,EL CUADERNO,ALFAGUARA,229,MISCELÁNEAS LITERARIAS,,BL1345
246,RENÉ DESCARTES,DISCURSO DEL MÉTODO,COLICHEUQUE,80,FILOSOFÍA Y PSICOLOGÍA,,BL1346
247,ERICH FROMM,EL ARTE DE AMAR,PAIDÓS,128,ENSAYOS,,BL1347
248,MARÍA GRIPE,LOS ESCARABAJOS VUELAN AL ATARDECER,EDICIONES SM,225,NOVELA,,BL1348
249,DANIELA GARCÍA PALOMER,ELEGÍ VIVIR,RANDOM HOUSE MONDADORI,224,BIOGRAFÍAS Y TESTIMONIOS,,BL1349
250,CARE SANTOS,INSEPARABLES PARA SIEMPRE: SER FELIZ ES FÁCIL,EDICIONES B,157,JUVENIL,,BL1350
251,EDUARDO BASTÍAS GUZMÁN,DONDE VUELAN LOS CÓNDORES: UNA PESADILLA Y UNA ESPERANZA,ANDRÉS BELLO,110,JUVENIL,,BL1351
252,JORGE ISAACS,MARÍA,ZIG-ZAG,333,NOVELA,,BL1352
253,SÓFOCLES,EDIPO REY,COLICHEUQUE,79,TEATRO,,BL1353
254,GENARO PRIETO,EL SOCIO,CENTRO GRÁFICO,148,NOVELA,,BL1354
255,OSCAR WILDE,EL FANTASMA DE CANTERVILLE,ZIG-ZAG,104,CLÁSICOS Y CUENTOS,,BL1355
256,ROALD DAHL,LAS BRUJAS,ALFAGUARA,200,INFANTIL,,BL1356
257,VARIOS AUTORES,"ATLAS DE LO EXTRAORDINARIO: LUGARES MISTERIOSOS, VOLUMEN I",DEBATE. EDICIONES DEL PRADO,120,EDUCACIÓN,,BL1357
258,TED HUGHES,POEMAS DE ANIMALES,MONDADORI,64,POESÍA,,BL1358
259,FRANCES HODGSON BURNETT,EL JARDÍN SECRETO,CENTRO GRÁFICO,158,NOVELA,,BL1359
260,ROBERT LOUIS STEVENSON,EL EXTRAÑO CASO DEL DR. JEKYLL Y DEL SR. HYDE,JORGE A. MESTAS EDICIONES,122,NOVELA,,BL1360
261,JOSÉ ZORRILLA,DON JUAN TENORIO,CENTRO GRÁFICO,120,TEATRO,,BL1361
262,RAY BRADBURY,CRÓNICAS MARCIANAS,MINOTAURO,275,NOVELA,,BL1362
263,HOMERO,LA ODISEA,ANDRÉS BELLO,109,CLÁSICOS Y CUENTOS,,BL1363
264,EDMUNDO DE AMICIS,CORAZÓN,ZIG-ZAG,154,JUVENIL,,BL1364
265,HORACIO QUIROGA,CUENTOS DE LA SELVA,ZIG-ZAG,126,CLÁSICOS Y CUENTOS,,BL1365
266,FRANZ KAFKA,ANTE LA LEY Y OTROS CUENTOS,LA COPA ROTA,95,CLÁSICOS Y CUENTOS,,BL1366
267,GUSTAVE FLAUBERT,MADAME BOVARY,RAMÓN SOPENA,272,CLÁSICOS Y CUENTOS,,BL1367
268,HOMERO,LA ODISEA,BRUGUERA,446,CLÁSICOS Y CUENTOS,,BL1368
269,GUILLERMO BLANCO,GRACIA Y EL FORASTERO,ZIG-ZAG,170,NOVELA,,BL1369
270,OSCAR WILDE,EL RETRATO DE DORIAN GRAY,COLICHEUQUE,80,NOVELA,,BL1370
271,ADOLFO COZZI,ESTADO NACIONAL,SUDAMERICANA,109,MISCELÁNEAS LITERARIAS,,BL1371
272,LUIS DE GÓNGORA/FRANCISCO DE QUEVEDO,POESÍA SELECTA,ERCILLA,240,POESÍA,,BL1372
273,ENRIQUE LAFOURCADE,PALOMITA BLANCA,ZIG-ZAG,159,JUVENIL,,BL1373
274,JOHN ESCOTT,WILLIAM TELL AND OTHER STORIES,OXFORD UNIVERSITY PRESS,49,NOVELA INGLÉS,,BL1374
275,PLATÓN,LA APOLOGÍA DE SÓCRATES,TEXIDO,72,FILOSOFÍA Y PSICOLOGÍA,,BL1375
276,FRANCISCO COLOANE,CABO DE HORNOS,ANDRÉS BELLO,159,CLÁSICOS Y CUENTOS,,BL1376
277,JOANNE ROWLING,HARRY POTTER Y LA CÁMARA SECRETA,EMECÉ,291,NOVELA,,BL1377
278,THEA BECKMAN,CRUZADA EN 'JEANS',EDICIONES SM,239,NOVELA,,BL1378
279,HORACIO QUIROGA,"CUENTOS DE AMOR, LOCURA Y MUERTE",ALBA EDITORES,151,CLÁSICOS Y CUENTOS,,BL1379
280,ANÓNIMO,POEMA DE MÍO CID,ZIG-ZAG,160,CLÁSICOS Y CUENTOS,,BL1380
281,MARCO ANTONIO DE LA PARRA,EL AÑO DE LA BALLENA,ALFAGUARA,128,JUVENIL,,BL1381
282,VARIOS AUTORES,"JUSTICIA, DERECHOS HUMANOS Y EL DECRETO LEY DE AMNISTÍA",PNUD,124,ENSAYOS,,BL1382
283,HERMANN HESSE,DEMIAN,ZIG-ZAG,133,CLÁSICOS Y CUENTOS,,BL1383
284,FERNANDO ALEGRÍA,"LAUTARO, JOVEN LIBERTADOR DE ARAUCO",ZIG-ZAG,157,NOVELA,,BL1384
285,JACQUELINE BALCELLS/ANA MARÍA GÜIRALDES,"UN DÍA EN LA VIDA DE JUANITA, PEQUEÑA PATRIOTA",ZIG-ZAG,95,INFANTIL,,BL1385
286,MICHAEL COLEMAN,DETECTIVES DE INTERNET: TECLA DE ESCAPE,EDICIONES B,136,JUVENIL,,BL1386
287,JACQUELINE BALCELLS/ANA MARÍA GÜIRALDES,"UN DÍA EN LA VIDA DE RAMIRO, GRUMETE DE LA ESMERALDA",ZIG-ZAG,93,INFANTIL,,BL1387
288,JULIO VERNE,LOS HIJOS DEL CAPITÁN GRANT,DIFUSIÓN,214,CLÁSICOS Y CUENTOS,,BL1388
289,VARIOS AUTORES,COCINA NATURAL: 51 RECETAS,THE BHAKTIVEDANTA BOOK TRUST,45,COCINA,,BL1389
290,EDGARD ALLAN POE,NARRACIONES EXTRAORDINARIAS,CENTRO GRÁFICO,194,CLÁSICOS Y CUENTOS,,BL1390
291,EUGENE IONESCO,LA CANTANTE CALVA/JACOBO O LA SUMISIÓN/EL PORVENIR ESTÁ EN LOS HUEVOS,SIN EDITORIAL,99,TEATRO,,BL1391
292,CARLOS DROGUETT,ELOY,DANIEL VERGARA,126,NOVELA,,BL1392
293,PAUL STEWART/CHRIS RIDDELL,MÁS ALLÁ DEL BOSQUE,DIAGONAL DEL GRUP 62,271,JUVENIL,,BL1393
294,JEAN CLAUDE ALAIN,LOS MUCHACHOS DE DUBLÍN,EDICIONES SM,181,JUVENIL,,BL1394
295,JULIO VERNE,ALREDEDOR DE LA LUNA,ANDRÉS BELLO,97,CLÁSICOS Y CUENTOS,,BL1395
296,VARIOS AUTORES,DESASTRE INMINENTE,UDP ESCUELA DE LITERATURA CREATIVA,112,MISCELÁNEAS LITERARIAS,,BL1396
297,FRANZ KAFKA,LA METAMORFOSIS,COLICHEUQUE,79,CLÁSICOS Y CUENTOS,,BL1397
298,EDUARDO BASTÍAS GUZMÁN,DONDE VUELAN LOS CÓNDORES: UNA PESADILLA Y UNA ESPERANZA,ANDRÉS BELLO,110,JUVENIL,,BL1398
299,ROALD DAHL,EL SUPERZORRO,ALFAGUARA,161,INFANTIL,,BL1399
300,CÉSAR PARRA,GUÍA MÁGICA DE SANTIAGO,RIL EDITORES,207,JUVENIL,,BL1400
301,MALBA TAHAN,EL HOMBRE QUE CALCULABA,CENTRO GRÁFICO,183,NOVELA,,BL1401
302,ALAN BATTERSBY,THIS TIME IT'S PERSONAL,CAMBRIDGE UNIVERSITY PRESS,108,NOVELA INGLÉS,,BL1402
303,MICHAEL KENNEDY,EL DESARROLLO DE PRODUCTOS EN TOYOTA,DEUSTO,240,ECONOMÍA Y ADMINISTRACIÓN,,BL1403
304,JODY HOFFER GITTELL,EL ESTILO SOUTHWEST AIRLINES,DEUSTO,310,ECONOMÍA Y ADMINISTRACIÓN,,BL1404
305,BILL CAPODAGLI/LYNN JACKSON,LA GESTIÓN AL ESTILO DISNEY,DEUSTO,215,ECONOMÍA Y ADMINISTRACIÓN,,BL1405
306,CÉSAR VIDAL,EL HIJO DEL HOMBRE,SUMA,502,NOVELA,,BL1406
307,CLIVE STAPLES LEWIS,LAS CRÓNICAS DE NARNIA: LA SILLA DE PLATA,HARPER COLLINS,299,INFANTIL,,BL1407
308,WILLIAM SHAKESPEARE,OTELO,OLIMPO,128,TEATRO,,BL1408
309,CARE SANTOS,INSEPARABLES PARA SIEMPRE: PROHIBIDO ENAMORARSE,EDICIONES B,171,JUVENIL,,BL1409
310,DANTE ALIGHIERI,LA DIVINA COMEDIA,CENTRO GRÁFICO,373,CLÁSICOS Y CUENTOS,PRESTADO GABRIEL HIZAUT,BL1410
311,MARCELA PAZ,PAPELUCHO MISIONERO,UNIVERSITARIA,120,INFANTIL,,BL1411
312,MIGUEL DE CERVANTES,DON QUIJOTE DE LA MANCHA,ZIG-ZAG,223,CLÁSICOS Y CUENTOS,,BL1412
313,ISABEL ALLENDE,LA CASA DE LOS ESPÍRITUS,COPESA EDITORIAL,412,NOVELA,,BL1413
314,WILLIAM SHAKESPEARE,ROMEO Y JULIETA,EDISUR,103,TEATRO,,BL1414
315,MARY SHELLEY,FRANKENSTEIN,PORTADA,160,CLÁSICOS Y CUENTOS,,BL1415
316,OSCAR WILDE,EL FANTASMA DE CANTERVILLE,ZIG-ZAG,104,CLÁSICOS Y CUENTOS,,BL1416
317,IVÁN MUÑOZ/ISABEL HERNÁNDEZ,HISTORIA DE TÍTERES Y TITIRITEROS,EDICIONES LUCIÉRNAGA MÁGICA,227,MISCELÁNEAS LITERARIAS,,BL1417
318,MIGUEL DE UNAMUNO,NIEBLA,COLICHEUQUE,80,NOVELA,,BL1418
319,GENARO PRIETO,EL SOCIO,TACORA,128,JUVENIL,,BL1419
320,GUSTAVO ADOLFO BÉCKER,RIMAS Y LEYENDAS,CENTRO GRÁFICO,124,POESÍA/CUENTOS,,BL1420
321,ALBERT CAMUS,EL EXTRANJERO,PLANETA,111,NOVELA,,BL1421
322,LEE STROBEL,TRECE ESCANDALOSAS AFIRMACIONES DE DIOS,VIDA,383,RELIGIÓN,,BL1422
323,ROBERTO AMPUERO,EL HOMBRE GOLONDRINA,EDISUR,175,NOVELA,,BL1423
324,FERNANDO CUADRA,LA NIÑA EN LA PALOMERA,SIN EDITORIAL,130,TEATRO,,BL1424
325,ALEJANDRO BULLÓN,SEÑALES DE ESPERANZA,ASOCIACIÓN CASA EDITORA SUDAMERICANA,140,RELIGIÓN,,BL1425
326,PAULO COELHO,LA QUINTA MONTAÑA,GRIJALBO,224,NOVELA,,BL1426
327,JAIME HUENÚN VILLA,ANTOLOGÍA DE POESÍA INDÍGENA LATINOAMERICANA: LOS CANTOS OCULTOS,LOM,215,POESÍA,,BL1427
328,MANUEL ROJAS,HIJO DE LADRÓN,ZIG-ZAG,286,NOVELA,,BL1428
329,WILLIAM SHAKESPEARE,HAMLET,ANDRÉS BELLO,200,TEATRO,,BL1429
330,GABRIEL GARCÍA MÁRQUEZ,CRÓNICA DE UNA MUERTE ANUNCIADA,SUDAMERICANA,193,NOVELA,,BL1430
331,HERMANN HESSE,DEMIAN,ALBA EDITORES,158,CLÁSICOS Y CUENTOS,,BL1431
332,HERMANN HESSE,DEMIAN,ARGONAUTA,157,CLÁSICOS Y CUENTOS,,BL1432
333,CHARLES DICKENS,OLIVER TWIST,TEXIDO,80,CLÁSICOS Y CUENTOS,(*) DATOS PERSONALES,BL1433
334,LOBSANG RAMPA,EL TERCER OJO,EDICIONES TROQUEL,255,BIOGRAFÍAS Y TESTIMONIOS,,BL1434
335,SATSVARÜPA DÄSA GOSWAMI,LA FUENTE DE LA SABIDURÍA,THE BHAKTIVEDANTA BOOK TRUST,66,FILOSOFÍA Y PSICOLOGÍA,,BL1435
336,MARCELA PAZ/ALICIA MOREL,PERICO TREPA POR CHILE,UNIVERSITARIA,183,INFANTIL,,BL1436
337,ANDREU MARTÍN/JAUME RIBERA,NO PIDAS SARDINA FUERA DE TEMPORADA,ALFAGUARA,178,JUVENIL,,BL1437
338,VARIOS AUTORES,ACÉFALOS: REFLEXIONES FILOSÓFICAS DESDE EL BARRO,ER TUFO,144,REVISTA,,BL1438
339,JOAQUÍN EDWARDS BELLO,EN EL VIEJO ALMENDRAL: TOMO I,ANDRÉS BELLO,190,NOVELA,,BL1439
340,WILLIAM SHAKESPEARE,HAMLET Y EL MERCADER DE VENECIA,ERCILLA,250,TEATRO,,BL1440
341,ROALD DAHL,EL SUPERZORRO,ALFAGUARA,161,INFANTIL,,BL1441
342,MICHAEL COLEMAN,DETECTIVES DE INTERNET: CIBERDOMINIO,EDICIONES B,149,JUVENIL,,BL1442
343,PAULO COELHO,EL ALQUIMISTA,GRIJALBO,236,NOVELA,,BL1443
344,HÉCTOR HIDALGO,LOS CUENTOS DE LA CIUDAD DORMIDA,ARRAYÁN EDITORES,75,INFANTIL,,BL1444
345,DAVID GONZÁLEZ GAJARDO,CUBA: AZÚCAR AMARGA,ERCILLA,263,NOVELA,,BL1445
346,VARIOS AUTORES,LEYENDAS CHILENAS,ANDRÉS BELLO,77,CLÁSICOS Y CUENTOS,,BL1446
347,VARIOS AUTORES,4 CUENTOS DE ANIMALES,PUBLICACIONES FHER,46,INFANTIL,,BL1447
348,MIGUEL DE UNAMUNO,NIEBLA,ERCILLA,189,NOVELA,,BL1448
349,MARÍA LUISA BOMBAL,LA AMORTAJADA,UNIVERSITARIA,96,NOVELA,,BL1449
350,VARIOS AUTORES,"¿CRISIS ALIMENTARIA MUNDIAL? ALIMENTOS Y COMIDA ""CHATARRA"": ENTRE DESNUTRICIÓN Y OBESIDAD",AÚN CREEMOS EN LOS SUEÑOS,68,ENSAYOS,,BL1450
351,PABLO NERUDA,RESIDENCIA EN LA TIERRA,RANDOM HOUSE MONDADORI,144,POESÍA,,BL1451
352,SÓFOCLES,ELECTRA,OLIMPO,88,TEATRO,,BL1452
353,D. DEL OLMO,NAPOLEÓN,RAMÓN SOPENA,180,NOVELA,,BL1453
354,FERNANDO KLEIN,CUANDO DIOS ERA MUJER,ARCOPRESS,150,ENSAYOS,,BL1454
355,PENNY HANCOCK,A LOVE FOR LIFE,CAMBRIDGE UNIVERSITY PRESS,112,NOVELA INGLÉS,,BL1455
356,MARÍA LUISA BOMBAL,LA AMORTAJADA,UNIVERSITARIA,96,NOVELA,,BL1456
357,HORACIO QUIROGA,"CUENTOS DE AMOR, LOCURA Y MUERTE",COLICHEUQUE,80,CLÁSICOS Y CUENTOS,,BL1457
358,ENRIQUE LAFOURCADE,PALOMITA BLANCA,ERCILLA,139,JUVENIL,,BL1458
359,OSCAR WILDE,LA IMPORTANCIA DE LLAMARSE ERNESTO,ANDRÉS BELLO,175,TEATRO,,BL1459
360,ISAAC ASIMOV,EL HOMBRE BICENTENARIO Y OTROS CUENTOS,EDICIONES B,476,NOVELA,,BL1460
361,DAVID BYRNE,DIARIOS DE BICICLETA,RANDOM HOUSE MONDADORI,362,BIOGRAFÍAS Y TESTIMONIOS,,BL1461
362,VARIOS AUTORES,LAS MÁS GRANDES OBRAS MUSICALES DE TODOS LOS TIEMPOS: BEETHOVEN,ERCILLA,95,BIOGRAFÍAS Y TESTIMONIOS,,BL1462
363,GABRIEL GARCÍA MÁRQUEZ,LA INCREÍBLE Y TRISTE HISTORIA DE LA CÁNDIDA ERÉNDIDA Y DE SU ABUELA DESALMADA: SIETE CUENTOS,SUDAMERICANA,163,CLÁSICOS Y CUENTOS,,BL1463
364,DARÍO OSES,ROCKEROS CELESTES,ANDRÉS BELLO,94,NOVELA,,BL1464
365,SÓFOCLES,EDIPO REY,CENTRO GRÁFICO,95,TEATRO,,BL1465
366,MARIO BENEDETTI,LA TREGUA,SUDAMERICANA,163,NOVELA,,BL1466
367,ANTONIO MACHADO,POESÍA,ANDRÉS BELLO,156,POESÍA,,BL1467
368,MAURICE LEBLANC,"ARSENIO LUPIN, CABALLERO LADRÓN",ANDRÉS BELLO,178,NOVELA,,BL1468
369,JULIO VERNE,LOS HIJOS DEL CAPITÁN GRANT,ANDRÉS BELLO,216,CLÁSICOS Y CUENTOS,,BL1469
370,HERNÁN DEL SOLAR,LA POROTA,ZIG-ZAG,110,INFANTIL,,BL1470
371,GABRIEL GARCÍA MÁRQUEZ,LOS FUNERALES DE LA MAMÁ GRANDE,SUDAMERICANA,195,CLÁSICOS Y CUENTOS,,BL1471
372,ROBERT LOUIS STEVENSON,LA ISLA DEL TESORO,ZIG-ZAG,149,CLÁSICOS Y CUENTOS,,BL1472
373,MANUEL ROJAS,LA CIUDAD DE LOS CÉSARES,ZIG-ZAG,153,CLÁSICOS Y CUENTOS,,BL1473
374,ARIEL SENOSIAIN,LO SUFICIENTEMENTE LOCO: UNA BIOGRAFÍA DE MARCELO BIELSA,SUDAMERICANA,187,BIOGRAFÍAS Y TESTIMONIOS,PRESTADO HERNÁN HIZAUT,BL1474
375,GEORGE ORWELL,LA GRANJA DE LOS ANIMALES,CENTRO GRÁFICO,103,NOVELA,PRESTADO JORGE HIZAUT,BL1475
376,PEARL BUCK,LA BUENA TIERRA2,CENTRO GRÁFICO,255,NOVELA,PRESTADO JORGE HIZAUT,BL1476